participant_id,started_utc,device_class,entry_source,run_status,duration_bucket,verifier_result,direction,result,continued_to_dreamdex,share_engaged,challenge_created,challenge_opened,challenge_verified,dual_victory_understood,read_only_understood,blocker_code
P01,,,,,,,,,,,,,,,,
P02,,,,,,,,,,,,,,,,
P03,,,,,,,,,,,,,,,,
P04,,,,,,,,,,,,,,,,
P05,,,,,,,,,,,,,,,,
P06,,,,,,,,,,,,,,,,
P07,,,,,,,,,,,,,,,,
P08,,,,,,,,,,,,,,,,
P09,,,,,,,,,,,,,,,,
P10,,,,,,,,,,,,,,,,
P11,,,,,,,,,,,,,,,,
P12,,,,,,,,,,,,,,,,
P13,,,,,,,,,,,,,,,,
P14,,,,,,,,,,,,,,,,
P15,,,,,,,,,,,,,,,,
P16,,,,,,,,,,,,,,,,
P17,,,,,,,,,,,,,,,,
P18,,,,,,,,,,,,,,,,
P19,,,,,,,,,,,,,,,,
P20,,,,,,,,,,,,,,,,
P21,,,,,,,,,,,,,,,,
P22,,,,,,,,,,,,,,,,
P23,,,,,,,,,,,,,,,,
P24,,,,,,,,,,,,,,,,
P25,,,,,,,,,,,,,,,,
P26,,,,,,,,,,,,,,,,
P27,,,,,,,,,,,,,,,,
P28,,,,,,,,,,,,,,,,
P29,,,,,,,,,,,,,,,,
P30,,,,,,,,,,,,,,,,
